country,continent,year,economy,health,social_support,freedom,corruption_perception,generosity,happiness_rank,happiness_score
Switzerland,Europe,2015,1.39651,0.94143,1.34951,0.66557,0.41978,0.29678,1,7.587
Iceland,Europe,2015,1.30232,0.94784,1.40223,0.62877,0.14145,0.4363,2,7.561
Denmark,Europe,2015,1.32548,0.87464,1.36058,0.64938,0.48357,0.34139,3,7.527
Norway,Europe,2015,1.459,0.88521,1.33095,0.66973,0.36503,0.34699,4,7.522
Canada,North America,2015,1.32629,0.90563,1.32261,0.63297,0.32957,0.45811,5,7.427
Finland,Europe,2015,1.29025,0.88911,1.31826,0.64169,0.41372,0.23351,6,7.406
Netherlands,Europe,2015,1.32944,0.89284,1.28017,0.61576,0.31814,0.4761,7,7.378
Sweden,Europe,2015,1.33171,0.91087,1.28907,0.6598,0.43844,0.36262,8,7.364
New Zealand,Oceania,2015,1.25018,0.90837,1.31967,0.63938,0.42922,0.47501,9,7.286
Australia,Oceania,2015,1.33358,0.93156,1.30923,0.65124,0.35637,0.43562,10,7.284
Israel,Asia,2015,1.22857,0.91387,1.22393,0.41319,0.07785,0.33172,11,7.278
Costa Rica,Central America,2015,0.95578,0.86027,1.23788,0.63376,0.10583,0.25497,12,7.226
Austria,Europe,2015,1.33723,0.89042,1.29704,0.62433,0.18676,0.33088,13,7.2
Mexico,North America,2015,1.02054,0.81444,0.91451,0.48181,0.21312,0.14074,14,7.187
United States,North America,2015,1.39451,0.86179,1.24711,0.54604,0.1589,0.40105,15,7.119
Brazil,South America,2015,0.98124,0.69702,1.23287,0.49049,0.17521,0.14574,16,6.983
Luxembourg,Europe,2015,1.56391,0.91894,1.21963,0.61583,0.37798,0.28034,17,6.946
Ireland,Europe,2015,1.33596,0.89533,1.36948,0.61777,0.28703,0.45901,18,6.94
Belgium,Europe,2015,1.30782,0.89667,1.28566,0.5845,0.2254,0.2225,19,6.937
United Arab Emirates,Asia,2015,1.42727,0.80925,1.12575,0.64157,0.38583,0.26428,20,6.901
United Kingdom,Europe,2015,1.26637,0.90943,1.28548,0.59625,0.32067,0.51912,21,6.867
Oman,Asia,2015,1.36011,0.76276,1.08182,0.63274,0.32524,0.21542,22,6.853
Venezuela,South America,2015,1.04424,0.72052,1.25596,0.42908,0.11069,0.05841,23,6.81
Singapore,Asia,2015,1.52186,1.02525,1.02,0.54252,0.4921,0.31105,24,6.798
Panama,Central America,2015,1.06353,0.79661,1.1985,0.5421,0.0927,0.24434,25,6.786
Germany,Europe,2015,1.32792,0.89186,1.29937,0.61477,0.21843,0.28214,26,6.75
Chile,South America,2015,1.10715,0.85857,1.12447,0.44132,0.12869,0.33363,27,6.67
Qatar,Asia,2015,1.69042,0.79733,1.0786,0.6404,0.52208,0.32573,28,6.611
France,Europe,2015,1.27778,0.94579,1.26038,0.55011,0.20646,0.12332,29,6.575
Argentina,South America,2015,1.05351,0.78723,1.24823,0.44974,0.08484,0.11451,30,6.574
Czech Republic,Europe,2015,1.17898,0.84483,1.20643,0.46364,0.02652,0.10686,31,6.505
Uruguay,South America,2015,1.06166,0.8116,1.2089,0.60362,0.24558,0.2324,32,6.485
Colombia,South America,2015,0.91861,0.69077,1.24018,0.53466,0.0512,0.18401,33,6.477
Thailand,Asia,2015,0.9669,0.7385,1.26504,0.55664,0.03187,0.5763,34,6.455
Saudi Arabia,Asia,2015,1.39541,0.72025,1.08393,0.31048,0.32524,0.13706,35,6.411
Spain,Europe,2015,1.23011,0.95562,1.31379,0.45951,0.06398,0.18227,36,6.329
Malta,Europe,2015,1.2074,0.88721,1.30203,0.60365,0.13586,0.51752,37,6.302
Taiwan,Asia,2015,1.29098,0.8753,1.07617,0.3974,0.08129,0.25376,38,6.298
Kuwait,Asia,2015,1.55422,0.72492,1.16594,0.55499,0.25609,0.16228,39,6.295
Suriname,South America,2015,0.99534,0.6082,0.972,0.59657,0.13633,0.16991,40,6.269
Trinidad and Tobago,South America,2015,1.21183,0.61483,1.18354,0.55884,0.0114,0.31844,41,6.168
El Salvador,Central America,2015,0.76454,0.67737,1.02507,0.4035,0.11776,0.10692,42,6.13
Guatemala,Central America,2015,0.74553,0.64425,1.04356,0.57733,0.09472,0.27489,43,6.123
Uzbekistan,Asia,2015,0.63244,0.59772,1.34043,0.65821,0.30826,0.22837,44,6.003
Slovakia,Europe,2015,1.16891,0.78902,1.26999,0.31751,0.03431,0.16893,45,5.995
Japan,Asia,2015,1.27074,0.99111,1.25712,0.49615,0.1806,0.10705,46,5.987
South Korea,Asia,2015,1.24461,0.96538,0.95774,0.33208,0.07857,0.18557,47,5.984
Ecuador,South America,2015,0.86402,0.79075,0.99903,0.48574,0.1809,0.11541,48,5.975
Bahrain,Asia,2015,1.32376,0.74716,1.21624,0.45492,0.306,0.17362,49,5.96
Italy,Europe,2015,1.25114,0.95446,1.19777,0.26236,0.02901,0.22823,50,5.948
Bolivia,South America,2015,0.68133,0.5392,0.97841,0.57414,0.088,0.20536,51,5.89
Moldova,Europe,2015,0.59448,0.61826,1.01528,0.32818,0.01615,0.20951,52,5.889
Paraguay,South America,2015,0.75985,0.66098,1.30477,0.53899,0.08242,0.3424,53,5.878
Kazakhstan,Asia,2015,1.12254,0.64368,1.12241,0.51649,0.08454,0.11827,54,5.855
Slovenia,Europe,2015,1.18498,0.87337,1.27385,0.60855,0.03787,0.25328,55,5.848
Lithuania,Europe,2015,1.14723,0.73128,1.25745,0.21342,0.01031,0.02641,56,5.833
Nicaragua,Central America,2015,0.59325,0.74314,1.14184,0.55475,0.19317,0.27815,57,5.828
Peru,South America,2015,0.90019,0.73017,0.97459,0.41496,0.05989,0.14982,58,5.824
Belarus,Europe,2015,1.03192,0.73608,1.23289,0.37938,0.1909,0.11046,59,5.813
Poland,Europe,2015,1.12555,0.77903,1.27948,0.53122,0.04212,0.16759,60,5.791
Malaysia,Asia,2015,1.12486,0.72394,1.07023,0.53024,0.10501,0.33075,61,5.77
Croatia,Europe,2015,1.08254,0.78805,0.79624,0.25883,0.0243,0.05444,62,5.759
Libya,Africa,2015,1.13145,0.7038,1.11862,0.41668,0.11023,0.18295,63,5.754
Russia,Europe,2015,1.13764,0.66926,1.23617,0.36679,0.03005,0.00199,64,5.716
Jamaica,Central America,2015,0.81038,0.68741,1.15102,0.50442,0.02299,0.2123,65,5.709
North Cyprus,Asia,2015,1.20806,0.92356,1.07008,0.49027,0.1428,0.26169,66,5.695
Cyprus,Asia,2015,1.20813,0.92356,0.89318,0.40672,0.06146,0.30638,67,5.689
Algeria,Africa,2015,0.93929,0.61766,1.07772,0.28579,0.17383,0.07822,68,5.605
Kosovo,Europe,2015,0.80148,0.63132,0.81198,0.24749,0.04741,0.2831,69,5.589
Turkmenistan,Asia,2015,0.95847,0.53886,1.22668,0.4761,0.30844,0.16979,70,5.548
Mauritius,Africa,2015,1.00761,0.7095,0.98521,0.56066,0.07521,0.37744,71,5.477
Hong Kong,Asia,2015,1.38604,1.01328,1.05818,0.59608,0.37124,0.39478,72,5.474
Estonia,Europe,2015,1.15174,0.77361,1.22791,0.44888,0.15184,0.0868,73,5.429
Indonesia,Asia,2015,0.82827,0.63793,1.08708,0.46611,0.0,0.51535,74,5.399
Vietnam,Asia,2015,0.63216,0.74676,0.91226,0.59444,0.10441,0.1686,75,5.36
Turkey,Asia,2015,1.06098,0.73172,0.94632,0.22815,0.15746,0.12253,76,5.332
Kyrgyzstan,Asia,2015,0.47428,0.65088,1.15115,0.43477,0.04232,0.3003,77,5.286
Nigeria,Africa,2015,0.65435,0.16007,0.90432,0.34334,0.0403,0.27233,78,5.268
Bhutan,Asia,2015,0.77042,0.57407,1.10395,0.53206,0.15445,0.47998,79,5.253
Azerbaijan,Asia,2015,1.02389,0.64045,0.93793,0.3703,0.16065,0.07799,80,5.212
Pakistan,Asia,2015,0.59543,0.51466,0.41411,0.12102,0.10464,0.33671,81,5.194
Jordan,Asia,2015,0.90198,0.69639,1.05392,0.40661,0.14293,0.11053,82,5.192
Montenegro,Europe,2015,0.97438,0.72521,0.90557,0.1826,0.14296,0.1614,82,5.192
China,Asia,2015,0.89012,0.81658,0.94675,0.51697,0.02781,0.08185,84,5.14
Zambia,Africa,2015,0.47038,0.29924,0.91612,0.48827,0.12468,0.19591,85,5.129
Romania,Europe,2015,1.04345,0.7689,0.88588,0.35068,0.00649,0.13748,86,5.124
Serbia,Europe,2015,0.92053,0.74836,1.00964,0.20107,0.02617,0.19231,87,5.123
Portugal,Europe,2015,1.15991,0.87519,1.13935,0.51469,0.01078,0.13719,88,5.102
Latvia,Europe,2015,1.11312,0.72437,1.09562,0.29671,0.06332,0.18226,89,5.098
Philippines,Asia,2015,0.70532,0.58114,1.03516,0.62545,0.12279,0.24991,90,5.073
Somaliland region,Africa,2015,0.18847,0.43873,0.95152,0.46582,0.39928,0.50318,91,5.057
Morocco,Africa,2015,0.73479,0.60954,0.64095,0.41691,0.08546,0.07172,92,5.013
Macedonia,Europe,2015,0.91851,0.73545,1.00232,0.33457,0.05327,0.22359,93,5.007
Mozambique,Africa,2015,0.08308,0.09131,1.02626,0.34037,0.15603,0.22269,94,4.971
Albania,Europe,2015,0.87867,0.81325,0.80434,0.35733,0.06413,0.14272,95,4.959
Bosnia and Herzegovina,Europe,2015,0.83223,0.79081,0.91916,0.09245,0.00227,0.24808,96,4.949
Lesotho,Africa,2015,0.37545,0.07612,1.04103,0.31767,0.12504,0.16388,97,4.898
Dominican Republic,Central America,2015,0.89537,0.66825,1.17202,0.57672,0.14234,0.21684,98,4.885
Laos,Asia,2015,0.59066,0.54909,0.73803,0.59591,0.24249,0.42192,99,4.876
Mongolia,Asia,2015,0.82819,0.60268,1.3006,0.43626,0.02666,0.3323,100,4.874
Swaziland,Africa,2015,0.71206,0.07566,1.07284,0.30658,0.0306,0.18259,101,4.867
Greece,Europe,2015,1.15406,0.88213,0.92933,0.07699,0.01397,0.0,102,4.857
Lebanon,Asia,2015,1.02564,0.83947,0.80001,0.33916,0.04582,0.21854,103,4.839
Hungary,Europe,2015,1.12094,0.75905,1.20215,0.32112,0.02758,0.128,104,4.8
Honduras,Central America,2015,0.59532,0.6951,0.95348,0.40148,0.06825,0.23027,105,4.788
Tajikistan,Asia,2015,0.39047,0.57379,0.85563,0.47216,0.15072,0.22974,106,4.786
Tunisia,Africa,2015,0.88113,0.73793,0.60429,0.26268,0.06358,0.06431,107,4.739
Palestinian Territories,Asia,2015,0.59867,0.66015,0.92558,0.24499,0.12905,0.11251,108,4.715
Bangladesh,Asia,2015,0.39753,0.60164,0.43106,0.4082,0.12569,0.21222,109,4.694
Iran,Asia,2015,1.0088,0.69805,0.54447,0.30033,0.05863,0.38086,110,4.686
Ukraine,Europe,2015,0.79907,0.6739,1.20278,0.25123,0.02961,0.15275,111,4.681
Iraq,Asia,2015,0.98549,0.60237,0.81889,0.0,0.13788,0.17922,112,4.677
South Africa,Africa,2015,0.92049,0.27688,1.18468,0.33207,0.08884,0.11973,113,4.642
Ghana,Africa,2015,0.54558,0.40132,0.67954,0.42342,0.04355,0.23087,114,4.633
Zimbabwe,Africa,2015,0.271,0.33475,1.03276,0.25861,0.08079,0.18987,115,4.61
Liberia,Africa,2015,0.0712,0.34201,0.78968,0.28531,0.06232,0.24362,116,4.571
India,Asia,2015,0.64499,0.51529,0.38174,0.39786,0.08492,0.26475,117,4.565
Sudan,Africa,2015,0.52107,0.36878,1.01404,0.10081,0.1466,0.19062,118,4.55
Haiti,Central America,2015,0.26673,0.38847,0.74302,0.24425,0.17175,0.46187,119,4.518
Congo (Kinshasa),Africa,2015,0.0,0.09806,1.0012,0.22605,0.07625,0.24834,120,4.517
Nepal,Asia,2015,0.35997,0.56874,0.86449,0.38282,0.05907,0.32296,121,4.514
Ethiopia,Africa,2015,0.19073,0.44055,0.60406,0.4345,0.15048,0.24325,122,4.512
Sierra Leone,Africa,2015,0.33024,0.0,0.95571,0.4084,0.08786,0.21488,123,4.507
Mauritania,Africa,2015,0.45407,0.35874,0.86908,0.24232,0.17461,0.219,124,4.436
Kenya,Africa,2015,0.36471,0.41435,0.99876,0.42215,0.05839,0.37542,125,4.419
Djibouti,Africa,2015,0.44025,0.36291,0.59207,0.46074,0.28105,0.18093,126,4.369
Armenia,Asia,2015,0.76821,0.7299,0.77711,0.19847,0.039,0.07855,127,4.35
Botswana,Africa,2015,0.99355,0.04776,1.10464,0.49495,0.12474,0.10461,128,4.332
Myanmar,Asia,2015,0.27108,0.48246,0.70905,0.44017,0.19034,0.79588,129,4.307
Georgia,Asia,2015,0.7419,0.72926,0.38562,0.40577,0.38331,0.05547,130,4.297
Malawi,Africa,2015,0.01604,0.22562,0.41134,0.43054,0.06977,0.33128,131,4.292
Sri Lanka,Asia,2015,0.83524,0.70806,1.01905,0.53726,0.09179,0.40828,132,4.271
Cameroon,Africa,2015,0.4225,0.23402,0.88767,0.49309,0.05786,0.20618,133,4.252
Bulgaria,Europe,2015,1.01216,0.76649,1.10614,0.30587,0.00872,0.11921,134,4.218
Egypt,Africa,2015,0.8818,0.61712,0.747,0.17288,0.06324,0.11291,135,4.194
Yemen,Asia,2015,0.54649,0.40064,0.68093,0.35571,0.07854,0.09131,136,4.077
Angola,Africa,2015,0.75778,0.16683,0.8604,0.10384,0.07122,0.12344,137,4.033
Mali,Africa,2015,0.26074,0.20583,1.03526,0.38857,0.12352,0.18798,138,3.995
Congo (Brazzaville),Africa,2015,0.67866,0.31051,0.6629,0.41466,0.11686,0.12388,139,3.989
Comoros,Africa,2015,0.23906,0.36315,0.79273,0.22917,0.199,0.17441,140,3.956
Uganda,Africa,2015,0.21102,0.33861,1.13299,0.45727,0.07267,0.29066,141,3.931
Senegal,Africa,2015,0.36498,0.4354,0.97619,0.36772,0.10713,0.20843,142,3.904
Gabon,Africa,2015,1.06024,0.43372,0.90528,0.31914,0.11091,0.06822,143,3.896
Niger,Africa,2015,0.0694,0.29707,0.77265,0.47692,0.15639,0.19387,144,3.845
Cambodia,Asia,2015,0.46038,0.61114,0.62736,0.66246,0.07247,0.40359,145,3.819
Tanzania,Africa,2015,0.2852,0.38215,1.00268,0.32878,0.05747,0.34377,146,3.781
Madagascar,Africa,2015,0.20824,0.46721,0.66801,0.19184,0.08124,0.21333,147,3.681
Central African Republic,Africa,2015,0.0785,0.06699,0.0,0.48879,0.08289,0.23835,148,3.678
Chad,Africa,2015,0.34193,0.1501,0.76062,0.23501,0.05269,0.18386,149,3.667
Guinea,Africa,2015,0.17417,0.24009,0.46475,0.37725,0.12139,0.28657,150,3.656
Ivory Coast,Africa,2015,0.46534,0.15185,0.77115,0.46866,0.17922,0.20165,151,3.655
Burkina Faso,Africa,2015,0.25812,0.27125,0.85188,0.39493,0.12832,0.21747,152,3.587
Afghanistan,Asia,2015,0.31982,0.30335,0.30285,0.23414,0.09719,0.3651,153,3.575
Rwanda,Africa,2015,0.22208,0.42864,0.7737,0.59201,0.55191,0.22628,154,3.465
Benin,Africa,2015,0.28665,0.3191,0.35386,0.4845,0.0801,0.1826,155,3.34
Syria,Asia,2015,0.6632,0.72193,0.47489,0.15684,0.18906,0.47179,156,3.006
Burundi,Africa,2015,0.0153,0.22396,0.41587,0.1185,0.10062,0.19727,157,2.905
Togo,Africa,2015,0.20868,0.28443,0.13995,0.36453,0.10731,0.16681,158,2.839
Denmark,Europe,2016,1.44178,0.79504,1.16374,0.57941,0.44453,0.36171,1,7.526
Switzerland,Europe,2016,1.52733,0.86303,1.14524,0.58557,0.41203,0.28083,2,7.509
Iceland,Europe,2016,1.42666,0.86733,1.18326,0.56624,0.14975,0.47678,3,7.501
Norway,Europe,2016,1.57744,0.79579,1.1269,0.59609,0.35776,0.37895,4,7.498
Finland,Europe,2016,1.40598,0.81091,1.13464,0.57104,0.41004,0.25492,5,7.413
Canada,North America,2016,1.44015,0.8276,1.0961,0.5737,0.31329,0.44834,6,7.404
Netherlands,Europe,2016,1.46468,0.81231,1.02912,0.55211,0.29927,0.47416,7,7.339
New Zealand,Oceania,2016,1.36066,0.83096,1.17278,0.58147,0.41904,0.49401,8,7.334
Australia,Oceania,2016,1.44443,0.8512,1.10476,0.56837,0.32331,0.47407,9,7.313
Sweden,Europe,2016,1.45181,0.83121,1.08764,0.58218,0.40867,0.38254,10,7.291
Israel,Asia,2016,1.33766,0.84917,0.99537,0.36432,0.08728,0.32288,11,7.267
Austria,Europe,2016,1.45038,0.80565,1.08383,0.54355,0.21348,0.32865,12,7.119
United States,North America,2016,1.50796,0.779,1.04782,0.48163,0.14868,0.41077,13,7.104
Costa Rica,Central America,2016,1.06879,0.76146,1.02152,0.55225,0.10547,0.22553,14,7.087
Puerto Rico,Central America,2016,1.35943,0.77758,1.08113,0.46823,0.12275,0.22202,15,7.039
Germany,Europe,2016,1.44787,0.81487,1.09774,0.53466,0.28551,0.30452,16,6.994
Brazil,South America,2016,1.08754,0.61415,1.03938,0.40425,0.14166,0.15776,17,6.952
Belgium,Europe,2016,1.42539,0.81959,1.05249,0.51354,0.26248,0.2424,18,6.929
Ireland,Europe,2016,1.48341,0.81455,1.16157,0.54008,0.29754,0.44963,19,6.907
Luxembourg,Europe,2016,1.69752,0.84542,1.03999,0.5487,0.35329,0.27571,20,6.871
Mexico,North America,2016,1.11508,0.71143,0.7146,0.37709,0.18355,0.11735,21,6.778
Singapore,Asia,2016,1.64555,0.94719,0.86758,0.4877,0.46987,0.32706,22,6.739
United Kingdom,Europe,2016,1.40283,0.80991,1.08672,0.50036,0.27399,0.50156,23,6.725
Chile,South America,2016,1.2167,0.81883,0.90587,0.37789,0.11451,0.31595,24,6.705
Panama,Central America,2016,1.18306,0.70835,0.98912,0.48927,0.08423,0.2418,25,6.701
Argentina,South America,2016,1.15137,0.69711,1.06612,0.42284,0.07296,0.10989,26,6.65
Czech Republic,Europe,2016,1.30915,0.76376,1.00793,0.41418,0.03986,0.09929,27,6.596
United Arab Emirates,Asia,2016,1.57352,0.72993,0.87114,0.56215,0.35561,0.26591,28,6.573
Uruguay,South America,2016,1.18157,0.72183,1.03143,0.54388,0.21394,0.18056,29,6.545
Malta,Europe,2016,1.30782,0.80315,1.09879,0.54994,0.17554,0.56237,30,6.488
Colombia,South America,2016,1.03032,0.59659,1.02169,0.44735,0.05399,0.15626,31,6.481
France,Europe,2016,1.39488,0.83795,1.00508,0.46562,0.17808,0.1216,32,6.478
Thailand,Asia,2016,1.0893,0.64915,1.04477,0.49553,0.02833,0.58696,33,6.474
Saudi Arabia,Asia,2016,1.48953,0.59267,0.84829,0.37904,0.30008,0.15457,34,6.379
Taiwan,Asia,2016,1.39729,0.79565,0.92624,0.32377,0.0663,0.25495,34,6.379
Qatar,Asia,2016,1.82427,0.71723,0.87964,0.56679,0.48049,0.32388,36,6.375
Spain,Europe,2016,1.34253,0.87896,1.12945,0.37545,0.06137,0.17665,37,6.361
Algeria,Africa,2016,1.05266,0.61804,0.83309,0.21006,0.16157,0.07044,38,6.355
Guatemala,Central America,2016,0.83454,0.54039,0.87119,0.50379,0.08701,0.28808,39,6.324
Suriname,South America,2016,1.09686,0.50933,0.77866,0.52234,0.12692,0.16665,40,6.269
Kuwait,Asia,2016,1.61714,0.63569,0.87758,0.43166,0.23669,0.15965,41,6.239
Bahrain,Asia,2016,1.44024,0.65696,0.94397,0.47375,0.25772,0.17147,42,6.218
Trinidad and Tobago,South America,2016,1.32572,0.52608,0.98569,0.48453,0.01241,0.31935,43,6.168
Venezuela,South America,2016,1.13367,0.61904,1.03302,0.19847,0.08304,0.0425,44,6.084
Slovakia,Europe,2016,1.27973,0.70367,1.08268,0.23391,0.02947,0.13837,45,6.078
El Salvador,Central America,2016,0.8737,0.596,0.80975,0.37269,0.10613,0.08877,46,6.068
Malaysia,Asia,2016,1.25142,0.62366,0.88025,0.39031,0.09081,0.41474,47,6.005
Nicaragua,Central America,2016,0.69384,0.65213,0.89521,0.46582,0.16292,0.29773,48,5.992
Uzbekistan,Asia,2016,0.73591,0.50163,1.1681,0.60848,0.28333,0.34326,49,5.987
Italy,Europe,2016,1.35495,0.85102,1.04167,0.18827,0.02556,0.16684,50,5.977
Ecuador,South America,2016,0.97306,0.68613,0.85974,0.4027,0.18037,0.10074,51,5.976
Belize,Central America,2016,0.87616,0.45569,0.68655,0.51231,0.10771,0.23684,52,5.956
Japan,Asia,2016,1.38007,0.91491,1.06054,0.46761,0.18985,0.10224,53,5.921
Kazakhstan,Asia,2016,1.22943,0.57386,0.95544,0.4052,0.11132,0.15011,54,5.919
Moldova,Europe,2016,0.69177,0.52309,0.83132,0.25202,0.01903,0.19997,55,5.897
Russia,Europe,2016,1.23228,0.58991,1.05261,0.32682,0.03586,0.02736,56,5.856
Poland,Europe,2016,1.24585,0.69058,1.04685,0.4519,0.055,0.14443,57,5.835
South Korea,Asia,2016,1.35948,0.88645,0.72194,0.25168,0.07716,0.18824,57,5.835
Bolivia,South America,2016,0.79422,0.4697,0.83779,0.50961,0.07746,0.21698,59,5.822
Lithuania,Europe,2016,1.2692,0.64674,1.06411,0.18929,0.0182,0.02025,60,5.813
Belarus,Europe,2016,1.13062,0.63104,1.04993,0.29091,0.17457,0.13942,61,5.802
North Cyprus,Asia,2016,1.31141,0.84142,0.81826,0.43596,0.16578,0.26322,62,5.771
Slovenia,Europe,2016,1.29947,0.79151,1.05613,0.53164,0.03635,0.25738,63,5.768
Peru,South America,2016,0.99602,0.62994,0.81255,0.37502,0.05292,0.14527,64,5.743
Turkmenistan,Asia,2016,1.08017,0.44006,1.03817,0.37408,0.28467,0.22567,65,5.658
Mauritius,Africa,2016,1.14372,0.66189,0.75695,0.46145,0.05203,0.36951,66,5.648
Libya,Africa,2016,1.06688,0.52304,0.95076,0.40672,0.10339,0.17087,67,5.615
Latvia,Europe,2016,1.21788,0.63952,0.95025,0.27996,0.0889,0.17445,68,5.56
Cyprus,Asia,2016,1.31857,0.8488,0.70697,0.29507,0.05228,0.27906,69,5.546
Paraguay,South America,2016,0.89373,0.58295,1.11111,0.46235,0.07396,0.25296,70,5.538
Romania,Europe,2016,1.1697,0.67602,0.72803,0.36712,0.00679,0.12889,71,5.528
Estonia,Europe,2016,1.27964,0.68098,1.05163,0.41511,0.18519,0.08423,72,5.517
Jamaica,Central America,2016,0.89333,0.59469,0.96372,0.43597,0.04294,0.22245,73,5.51
Croatia,Europe,2016,1.18649,0.70524,0.60809,0.23907,0.04002,0.18434,74,5.488
Hong Kong,Asia,2016,1.5107,0.95277,0.87021,0.48079,0.31647,0.40097,75,5.458
Somalia,Africa,2016,0.0,0.11466,0.33613,0.56778,0.3118,0.27225,76,5.44
Kosovo,Europe,2016,0.90145,0.54,0.66062,0.14396,0.06547,0.27992,77,5.401
Turkey,Asia,2016,1.16492,0.64718,0.87717,0.23889,0.12348,0.04707,78,5.389
Indonesia,Asia,2016,0.95104,0.49374,0.87625,0.39237,0.00322,0.56521,79,5.314
Jordan,Asia,2016,0.99673,0.60712,0.86216,0.36023,0.13297,0.14262,80,5.303
Azerbaijan,Asia,2016,1.12373,0.54504,0.76042,0.35327,0.17914,0.0564,81,5.291
Philippines,Asia,2016,0.81217,0.47036,0.87877,0.54854,0.11757,0.21674,82,5.279
China,Asia,2016,1.0278,0.73561,0.79381,0.44012,0.02745,0.04959,83,5.245
Bhutan,Asia,2016,0.8527,0.49759,0.90836,0.46074,0.1616,0.48546,84,5.196
Kyrgyzstan,Asia,2016,0.56044,0.55449,0.95434,0.40212,0.04762,0.38432,85,5.185
Serbia,Europe,2016,1.03437,0.6458,0.81329,0.15718,0.04339,0.20737,86,5.177
Bosnia and Herzegovina,Europe,2016,0.93383,0.70766,0.64367,0.09511,0.0,0.29889,87,5.163
Montenegro,Europe,2016,1.07838,0.63533,0.74173,0.15111,0.12721,0.17191,88,5.161
Dominican Republic,Central America,2016,1.02787,0.57669,0.99496,0.52259,0.12372,0.21286,89,5.155
Morocco,Africa,2016,0.84058,0.59471,0.38595,0.25646,0.08404,0.04053,90,5.151
Hungary,Europe,2016,1.24142,0.67608,0.93164,0.1977,0.04472,0.099,91,5.145
Pakistan,Asia,2016,0.68816,0.40306,0.26135,0.14622,0.1388,0.31185,92,5.132
Lebanon,Asia,2016,1.12268,0.76171,0.64184,0.26228,0.03061,0.23693,93,5.129
Portugal,Europe,2016,1.27607,0.79363,0.94367,0.44727,0.01521,0.11691,94,5.123
Macedonia,Europe,2016,1.0193,0.64738,0.78236,0.27668,0.07047,0.23507,95,5.121
Vietnam,Asia,2016,0.74037,0.66157,0.79117,0.55954,0.11556,0.25075,96,5.061
Somaliland Region,Africa,2016,0.25558,0.33108,0.75862,0.3913,0.36794,0.51479,97,5.057
Tunisia,Africa,2016,0.97724,0.59577,0.43165,0.23553,0.0817,0.03936,98,5.045
Greece,Europe,2016,1.24886,0.80029,0.75473,0.05822,0.04127,0.0,99,5.033
Tajikistan,Asia,2016,0.48835,0.53119,0.75602,0.43408,0.13509,0.25998,100,4.996
Mongolia,Asia,2016,0.98853,0.55469,1.08983,0.35972,0.03285,0.34539,101,4.907
Laos,Asia,2016,0.68042,0.38291,0.5497,0.52168,0.22423,0.43079,102,4.876
Nigeria,Africa,2016,0.75216,0.05108,0.64498,0.27854,0.0305,0.23219,103,4.875
Honduras,Central America,2016,0.69429,0.58383,0.75596,0.26755,0.06906,0.2044,104,4.871
Iran,Asia,2016,1.11758,0.64232,0.38857,0.22544,0.0557,0.38538,105,4.813
Zambia,Africa,2016,0.61202,0.23573,0.6376,0.42662,0.11479,0.17866,106,4.795
Nepal,Asia,2016,0.44626,0.50073,0.69699,0.37012,0.07008,0.3816,107,4.793
Palestinian Territories,Asia,2016,0.67024,0.56844,0.71629,0.17744,0.10613,0.11154,108,4.754
Albania,Europe,2016,0.9553,0.73007,0.50163,0.31866,0.05301,0.1684,109,4.655
Bangladesh,Asia,2016,0.54177,0.52989,0.24749,0.39778,0.12583,0.19132,110,4.643
Sierra Leone,Africa,2016,0.36485,0.0,0.628,0.30685,0.08196,0.23897,111,4.635
Iraq,Asia,2016,1.07474,0.51076,0.59205,0.24856,0.13636,0.19589,112,4.575
Namibia,Africa,2016,0.93287,0.34745,0.70362,0.48614,0.10398,0.07795,113,4.574
Cameroon,Africa,2016,0.52497,0.12698,0.62542,0.42736,0.06126,0.2268,114,4.513
Ethiopia,Africa,2016,0.29283,0.34578,0.37932,0.36703,0.1717,0.29522,115,4.508
South Africa,Africa,2016,1.02416,0.18611,0.96053,0.42483,0.08415,0.13656,116,4.459
Sri Lanka,Asia,2016,0.97318,0.62007,0.84783,0.50817,0.07964,0.46978,117,4.415
India,Asia,2016,0.74036,0.45091,0.29247,0.40285,0.08722,0.25028,118,4.404
Myanmar,Asia,2016,0.34112,0.3988,0.69981,0.42692,0.20243,0.81971,119,4.395
Egypt,Africa,2016,0.95395,0.52116,0.49813,0.18847,0.10393,0.12706,120,4.362
Armenia,Asia,2016,0.86086,0.64083,0.62477,0.14037,0.03616,0.07793,121,4.36
Kenya,Africa,2016,0.52267,0.30147,0.7624,0.40576,0.06686,0.41328,122,4.356
Ukraine,Europe,2016,0.87287,0.58628,1.01413,0.12859,0.01829,0.20363,123,4.324
Ghana,Africa,2016,0.63107,0.29681,0.49353,0.40973,0.0326,0.21203,124,4.276
Congo (Kinshasa),Africa,2016,0.05661,0.188,0.80676,0.15602,0.06075,0.25458,125,4.272
Georgia,Asia,2016,0.83792,0.64035,0.19249,0.32461,0.3188,0.06786,126,4.252
Congo (Brazzaville),Africa,2016,0.77109,0.28212,0.47799,0.37938,0.09753,0.12077,127,4.236
Senegal,Africa,2016,0.44314,0.40457,0.77416,0.31056,0.11681,0.19103,128,4.219
Bulgaria,Europe,2016,1.11306,0.67806,0.92542,0.21219,0.00615,0.12793,129,4.217
Mauritania,Africa,2016,0.61391,0.28639,0.84142,0.1268,0.17955,0.22686,130,4.201
Zimbabwe,Africa,2016,0.35041,0.1595,0.71478,0.25429,0.08582,0.18503,131,4.193
Malawi,Africa,2016,0.08709,0.29364,0.147,0.4143,0.07564,0.30968,132,4.156
Sudan,Africa,2016,0.63069,0.29759,0.81928,0.0,0.10039,0.18077,133,4.139
Gabon,Africa,2016,1.15851,0.3494,0.72368,0.28098,0.09314,0.06244,134,4.121
Mali,Africa,2016,0.31292,0.16347,0.86333,0.27544,0.13647,0.21064,135,4.073
Haiti,Central America,2016,0.34097,0.27494,0.29561,0.12072,0.14476,0.47958,136,4.028
Botswana,Africa,2016,1.09426,0.34752,0.89186,0.44089,0.10769,0.12425,137,3.974
Comoros,Africa,2016,0.27509,0.29981,0.60323,0.15412,0.18437,0.1827,138,3.956
Ivory Coast,Africa,2016,0.55507,0.04476,0.57576,0.40663,0.1553,0.20338,139,3.916
Cambodia,Asia,2016,0.55604,0.42494,0.5375,0.58852,0.08092,0.40339,140,3.907
Angola,Africa,2016,0.84731,0.04991,0.66366,0.00589,0.08434,0.12071,141,3.866
Niger,Africa,2016,0.1327,0.26162,0.6053,0.38041,0.17176,0.2097,142,3.856
South Sudan,Africa,2016,0.39394,0.15781,0.18519,0.19662,0.13015,0.25899,143,3.832
Chad,Africa,2016,0.42214,0.03824,0.63178,0.12807,0.04952,0.18667,144,3.763
Burkina Faso,Africa,2016,0.31995,0.21297,0.63054,0.3337,0.12533,0.24353,145,3.739
Uganda,Africa,2016,0.34719,0.19625,0.90981,0.43653,0.06442,0.27102,145,3.739
Yemen,Asia,2016,0.57939,0.31048,0.47493,0.2287,0.05892,0.09821,147,3.724
Madagascar,Africa,2016,0.27954,0.37109,0.46115,0.13684,0.07506,0.2204,148,3.695
Tanzania,Africa,2016,0.47155,0.357,0.77623,0.3176,0.05099,0.31472,149,3.666
Liberia,Africa,2016,0.10706,0.23165,0.50353,0.25748,0.04852,0.24063,150,3.622
Guinea,Africa,2016,0.22415,0.18829,0.3109,0.30953,0.1192,0.29914,151,3.607
Rwanda,Africa,2016,0.32846,0.31865,0.61586,0.5432,0.50521,0.23552,152,3.515
Benin,Africa,2016,0.39499,0.21028,0.10419,0.39747,0.06681,0.2018,153,3.484
Afghanistan,Asia,2016,0.38227,0.17344,0.11037,0.1643,0.07112,0.31268,154,3.36
Togo,Africa,2016,0.28123,0.24811,0.0,0.34678,0.11587,0.17517,155,3.303
Syria,Asia,2016,0.74719,0.62994,0.14866,0.06912,0.17233,0.48397,156,3.069
Burundi,Africa,2016,0.06831,0.15747,0.23442,0.0432,0.09419,0.2029,157,2.905
Norway,Europe,2017,1.61646318435669,0.796666502952576,1.53352355957031,0.635422587394714,0.315963834524155,0.36201223731041,1,7.53700017929077
Denmark,Europe,2017,1.48238301277161,0.792565524578094,1.55112159252167,0.626006722450256,0.40077006816864,0.355280488729477,2,7.52199983596802
Iceland,Europe,2017,1.480633020401,0.833552122116089,1.6105740070343,0.627162635326385,0.153526559472084,0.475540220737457,3,7.50400018692017
Switzerland,Europe,2017,1.56497955322266,0.858131289482117,1.51691174507141,0.620070576667786,0.367007285356522,0.290549278259277,4,7.49399995803833
Finland,Europe,2017,1.44357192516327,0.80915766954422,1.5402467250824,0.617950856685638,0.38261154294014,0.24548277258873,5,7.4689998626709
Netherlands,Europe,2017,1.50394463539124,0.810696125030518,1.42893922328949,0.585384488105774,0.282661825418472,0.470489829778671,6,7.3769998550415
Canada,North America,2017,1.47920441627502,0.83455765247345,1.48134899139404,0.611100912094116,0.287371516227722,0.435539722442627,7,7.31599998474121
New Zealand,Oceania,2017,1.40570604801178,0.816759705543518,1.54819512367249,0.614062130451202,0.382816702127457,0.500005125999451,8,7.31400012969971
Sweden,Europe,2017,1.49438726902008,0.830875158309937,1.47816216945648,0.612924098968506,0.384398728609085,0.385399252176285,9,7.28399991989136
Australia,Oceania,2017,1.484414935112,0.84388679265976,1.51004195213318,0.601607382297516,0.301183730363846,0.477699249982834,10,7.28399991989136
Israel,Asia,2017,1.37538242340088,0.83840399980545,1.37628996372223,0.405988603830338,0.0852421000599861,0.330082654953003,11,7.21299982070923
Costa Rica,Central America,2017,1.10970628261566,0.759509265422821,1.41640365123749,0.580131649971008,0.100106589496136,0.214613229036331,12,7.0789999961853
Austria,Europe,2017,1.48709726333618,0.815328419208527,1.4599449634552,0.567766189575195,0.221060365438461,0.316472321748734,13,7.00600004196167
United States,North America,2017,1.54625928401947,0.77428662776947,1.41992056369781,0.505740523338318,0.135638788342476,0.392578780651093,14,6.99300003051758
Ireland,Europe,2017,1.53570663928986,0.80978262424469,1.55823111534119,0.573110342025757,0.29838815331459,0.42785832285881,15,6.97700023651123
Germany,Europe,2017,1.48792338371277,0.798950731754303,1.47252035140991,0.562511384487152,0.276731938123703,0.336269170045853,16,6.95100021362305
Belgium,Europe,2017,1.46378076076508,0.818091869354248,1.46231269836426,0.539770722389221,0.251343131065369,0.231503337621689,17,6.89099979400635
Luxembourg,Europe,2017,1.74194359779358,0.845089495182037,1.45758366584778,0.59662789106369,0.31883442401886,0.283180981874466,18,6.86299991607666
United Kingdom,Europe,2017,1.44163393974304,0.805335938930511,1.49646008014679,0.508190035820007,0.265428066253662,0.492774158716202,19,6.71400022506714
Chile,South America,2017,1.25278460979462,0.819479703903198,1.28402495384216,0.376895278692245,0.0822879821062088,0.326662421226501,20,6.65199995040894
United Arab Emirates,Asia,2017,1.62634336948395,0.726798236370087,1.26641023159027,0.60834527015686,0.324489563703537,0.3609419465065,21,6.64799976348877
Brazil,South America,2017,1.10735321044922,0.616552352905273,1.43130600452423,0.437453746795654,0.111092761158943,0.16234989464283,22,6.63500022888184
Czech Republic,Europe,2017,1.35268235206604,0.754444003105164,1.43388521671295,0.490946173667908,0.0368729270994663,0.0881067588925362,23,6.60900020599365
Argentina,South America,2017,1.18529546260834,0.695137083530426,1.44045114517212,0.494519203901291,0.059739887714386,0.109457060694695,24,6.59899997711182
Mexico,North America,2017,1.15318381786346,0.709978997707367,1.210862159729,0.412730008363724,0.132774114608765,0.120990432798862,25,6.57800006866455
Singapore,Asia,2017,1.69227766990662,0.949492394924164,1.35381436347961,0.549840569496155,0.46430778503418,0.345965981483459,26,6.57200002670288
Malta,Europe,2017,1.34327983856201,0.821944236755371,1.48841166496277,0.588767051696777,0.153066068887711,0.574730575084686,27,6.52699995040894
Uruguay,South America,2017,1.21755969524384,0.719216823577881,1.41222786903381,0.57939225435257,0.178061872720718,0.175096929073334,28,6.4539999961853
Guatemala,Central America,2017,0.872001945972443,0.540239989757538,1.25558519363403,0.531310617923737,0.0772232785820961,0.283488392829895,29,6.4539999961853
Panama,Central America,2017,1.23374843597412,0.706156134605408,1.37319254875183,0.550026834011078,0.070983923971653,0.21055693924427,30,6.4520001411438
France,Europe,2017,1.43092346191406,0.844465851783752,1.38777685165405,0.470222115516663,0.172502428293228,0.129762306809425,31,6.44199991226196
Thailand,Asia,2017,1.12786877155304,0.647239029407501,1.42579245567322,0.580200731754303,0.0316127352416515,0.572123110294342,32,6.42399978637695
Taiwan Province of China,Asia,2017,1.43362653255463,0.793984234333038,1.38456535339355,0.361466586589813,0.0638292357325554,0.258360475301743,33,6.42199993133545
Spain,Europe,2017,1.38439786434174,0.888960599899292,1.53209090232849,0.408781230449677,0.0709140971302986,0.190133571624756,34,6.40299987792969
Qatar,Asia,2017,1.87076568603516,0.710098087787628,1.27429687976837,0.604130983352661,0.439299255609512,0.330473870038986,35,6.375
Colombia,South America,2017,1.07062232494354,0.595027923583984,1.4021829366684,0.477487415075302,0.0466687418520451,0.149014472961426,36,6.35699987411499
Saudi Arabia,Asia,2017,1.53062355518341,0.590148329734802,1.28667759895325,0.449750572443008,0.27343225479126,0.147616013884544,37,6.3439998626709
Trinidad and Tobago,South America,2017,1.36135590076447,0.519983291625977,1.3802285194397,0.518630743026733,0.0089648161083459,0.325296461582184,38,6.16800022125244
Kuwait,Asia,2017,1.63295245170593,0.632105708122253,1.25969874858856,0.496337592601776,0.215159550309181,0.228289797902107,39,6.10500001907349
Slovakia,Europe,2017,1.32539355754852,0.712732911109924,1.50505924224854,0.295817464590073,0.0242108516395092,0.136544480919838,40,6.09800004959106
Bahrain,Asia,2017,1.48841226100922,0.653133034706116,1.32311046123505,0.536746919155121,0.257042169570923,0.172668486833572,41,6.08699989318848
Malaysia,Asia,2017,1.29121541976929,0.618784427642822,1.28464603424072,0.402264982461929,0.0656007081270218,0.416608929634094,42,6.08400011062622
Nicaragua,Central America,2017,0.737299203872681,0.653095960617065,1.28721570968628,0.447551846504211,0.130687981843948,0.301674216985703,43,6.07100009918213
Ecuador,South America,2017,1.00082039833069,0.685636222362518,1.28616881370544,0.4551981985569,0.140134647488594,0.150112465023994,44,6.00799989700317
El Salvador,Central America,2017,0.909784495830536,0.596018552780151,1.18212509155273,0.432452529668808,0.0899809598922729,0.0782579854130745,45,6.00299978256226
Poland,Europe,2017,1.29178786277771,0.699475347995758,1.44571197032928,0.520342111587524,0.0593078061938286,0.158465966582298,46,5.97300004959106
Uzbekistan,Asia,2017,0.786441087722778,0.498272627592087,1.54896914958954,0.658248662948608,0.246528223156929,0.415983647108078,47,5.97100019454956
Italy,Europe,2017,1.39506661891937,0.853144347667694,1.44492328166962,0.256450712680817,0.0280280914157629,0.17278964817524,48,5.96400022506714
Russia,Europe,2017,1.28177809715271,0.547349333763123,1.46928238868713,0.373783111572266,0.0329628810286522,0.0522638224065304,49,5.96299982070923
Belize,Central America,2017,0.907975316047668,0.450191766023636,1.08141779899597,0.547509372234344,0.0965810716152191,0.240015640854836,50,5.95599985122681
Japan,Asia,2017,1.41691517829895,0.913475871086121,1.43633782863617,0.505625545978546,0.163760736584663,0.12057276815176,51,5.92000007629395
Lithuania,Europe,2017,1.31458234786987,0.62894994020462,1.47351610660553,0.234231784939766,0.0118656428530812,0.010164656676352,52,5.90199995040894
Algeria,Africa,2017,1.09186446666718,0.617584645748138,1.1462174654007,0.233335807919502,0.146096110343933,0.0694366469979286,53,5.87200021743774
Latvia,Europe,2017,1.26074862480164,0.638566970825195,1.40471494197845,0.325707912445068,0.0738427266478539,0.153074786067009,54,5.84999990463257
South Korea,Asia,2017,1.40167844295502,0.900214076042175,1.12827444076538,0.257921665906906,0.0632826685905457,0.206674367189407,55,5.83799982070923
Moldova,Europe,2017,0.728870630264282,0.589465200901031,1.25182557106018,0.240729048848152,0.0100912861526012,0.208779126405716,56,5.83799982070923
Romania,Europe,2017,1.21768391132355,0.685158312320709,1.15009129047394,0.457003742456436,0.00438790069893,0.133519917726517,57,5.82499980926514
Bolivia,South America,2017,0.833756566047668,0.473630249500275,1.22761905193329,0.558732926845551,0.0604777261614799,0.22556072473526,58,5.82299995422363
Turkmenistan,Asia,2017,1.13077676296234,0.437726080417633,1.49314916133881,0.41827192902565,0.259270340204239,0.24992498755455,59,5.82200002670288
Kazakhstan,Asia,2017,1.28455626964569,0.606041550636292,1.38436901569366,0.437454283237457,0.119282886385918,0.201964423060417,60,5.81899976730347
North Cyprus,Asia,2017,1.3469113111496,0.834647238254547,1.18630337715149,0.471203625202179,0.155353352427483,0.266845703125,61,5.80999994277954
Slovenia,Europe,2017,1.3412059545517,0.790828227996826,1.45251882076263,0.572575807571411,0.0451289787888527,0.242649093270302,62,5.75799989700317
Peru,South America,2017,1.03522527217865,0.630166113376617,1.21877038478851,0.450002878904343,0.0470490865409374,0.126819714903831,63,5.71500015258789
Mauritius,Africa,2017,1.18939554691315,0.638007462024689,1.20956099033356,0.491247326135635,0.0421815551817417,0.360933750867844,64,5.62900018692017
Cyprus,Asia,2017,1.35593807697296,0.84471470117569,1.13136327266693,0.355111539363861,0.0412379764020443,0.271254301071167,65,5.62099981307983
Estonia,Europe,2017,1.32087934017181,0.695168316364288,1.47667109966278,0.479131430387497,0.183248922228813,0.0988908112049103,66,5.61100006103516
Belarus,Europe,2017,1.15655755996704,0.637714266777039,1.44494521617889,0.295400261878967,0.156313821673393,0.15513750910759,67,5.56899976730347
Libya,Africa,2017,1.10180306434631,0.520169019699097,1.35756433010101,0.465733230113983,0.0926102101802826,0.152073666453362,68,5.52500009536743
Turkey,Asia,2017,1.19827437400818,0.637605607509613,1.33775317668915,0.300740599632263,0.0996715798974037,0.0466930419206619,69,5.5
Paraguay,South America,2017,0.932537317276001,0.579250693321228,1.50728487968445,0.473507791757584,0.091065913438797,0.224150657653809,70,5.49300003051758
"Hong Kong S.A.R., China",Asia,2017,1.55167484283447,0.943062424659729,1.26279091835022,0.490968644618988,0.293933749198914,0.374465793371201,71,5.47200012207031
Philippines,Asia,2017,0.85769921541214,0.468009054660797,1.25391757488251,0.585214674472809,0.0993318930268288,0.193513423204422,72,5.42999982833862
Serbia,Europe,2017,1.06931757926941,0.65078467130661,1.25818979740143,0.208715528249741,0.0409037806093693,0.220125883817673,73,5.39499998092651
Jordan,Asia,2017,0.991012394428253,0.604590058326721,1.23908889293671,0.418421149253845,0.11980327218771,0.172170460224152,74,5.33599996566772
Hungary,Europe,2017,1.2860119342804,0.687763452529907,1.34313309192657,0.175863519310951,0.0366369374096394,0.0784016624093056,75,5.32399988174438
Jamaica,Central America,2017,0.925579309463501,0.641022384166718,1.36821806430817,0.474307239055634,0.0552677810192108,0.233818337321281,76,5.31099987030029
Croatia,Europe,2017,1.22255623340607,0.701288521289825,0.96798300743103,0.255772292613983,0.0431031100451946,0.248002976179123,77,5.29300022125244
Kosovo,Europe,2017,0.951484382152557,0.541452050209045,1.13785350322723,0.260287940502167,0.0574716180562973,0.319931447505951,78,5.27899980545044
China,Asia,2017,1.08116579055786,0.741415500640869,1.16083741188049,0.472787708044052,0.0227942746132612,0.0288068410009146,79,5.27299976348877
Pakistan,Asia,2017,0.72688353061676,0.402047783136368,0.672690689563751,0.23521526157856,0.124348066747189,0.315446019172668,80,5.26900005340576
Indonesia,Asia,2017,0.995538592338562,0.492345720529556,1.27444469928741,0.443323463201523,0.0153171354904771,0.611704587936401,81,5.26200008392334
Venezuela,South America,2017,1.12843120098114,0.617144227027893,1.43133759498596,0.153997123241425,0.0644911229610443,0.0650196298956871,82,5.25
Montenegro,Europe,2017,1.12112903594971,0.667464673519135,1.23837649822235,0.194989055395126,0.0881741940975189,0.197911024093628,83,5.23699998855591
Morocco,Africa,2017,0.878114581108093,0.59771066904068,0.774864435195923,0.408158332109451,0.0877631828188896,0.0322099551558495,84,5.2350001335144
Azerbaijan,Asia,2017,1.15360176563263,0.540775775909424,1.15240025520325,0.398155838251114,0.180987507104874,0.0452693402767181,85,5.23400020599365
Dominican Republic,Central America,2017,1.07937383651733,0.574873745441437,1.40241670608521,0.55258983373642,0.113945253193378,0.186967849731445,86,5.23000001907349
Greece,Europe,2017,1.28948748111725,0.810198903083801,1.23941457271576,0.0957312509417534,0.04328977689147,0.0,87,5.22700023651123
Lebanon,Asia,2017,1.07498753070831,0.735081076622009,1.12962424755096,0.288515985012054,0.037513829767704,0.264450758695602,88,5.22499990463257
Portugal,Europe,2017,1.3151752948761,0.795843541622162,1.36704301834106,0.498465299606323,0.0158694516867399,0.0951027125120163,89,5.19500017166138
Bosnia and Herzegovina,Europe,2017,0.982409417629242,0.705186307430267,1.0693359375,0.204403176903725,0.0,0.328867495059967,90,5.18200016021729
Honduras,Central America,2017,0.730573117733002,0.582569479942322,1.14394497871399,0.348079860210419,0.0733454525470734,0.236188873648643,91,5.18100023269653
Macedonia,Europe,2017,1.06457793712616,0.644948184490204,1.20789301395416,0.325905978679657,0.0602777935564518,0.25376096367836,92,5.17500019073486
Somalia,Africa,2017,0.0226431842893362,0.113989137113094,0.721151351928711,0.602126955986023,0.282410323619843,0.291631311178207,93,5.15100002288818
Vietnam,Asia,2017,0.788547575473785,0.652168989181519,1.27749133110046,0.571055591106415,0.0876332372426987,0.234968051314354,94,5.07399988174438
Nigeria,Africa,2017,0.783756256103516,0.0569157302379608,1.21577048301697,0.394952565431595,0.0261215660721064,0.230947196483612,95,5.07399988174438
Tajikistan,Asia,2017,0.524713635444641,0.529235124588013,1.27146327495575,0.471566706895828,0.146377146244049,0.248997643589973,96,5.04099988937378
Bhutan,Asia,2017,0.885416388511658,0.495879292488098,1.34012651443481,0.501537680625916,0.173380389809608,0.474054545164108,97,5.01100015640259
Kyrgyzstan,Asia,2017,0.596220076084137,0.553457796573639,1.39423859119415,0.454943388700485,0.0394391790032387,0.42858037352562,98,5.00400018692017
Nepal,Asia,2017,0.479820191860199,0.504130780696869,1.17928326129913,0.440305948257446,0.0729755461215973,0.394096165895462,99,4.96199989318848
Mongolia,Asia,2017,1.02723586559296,0.557783484458923,1.4930112361908,0.394143968820572,0.0329022891819477,0.338464230298996,100,4.95499992370605
South Africa,Africa,2017,1.05469870567322,0.187080070376396,1.38478863239288,0.479246735572815,0.0725094974040985,0.139362379908562,101,4.8289999961853
Tunisia,Africa,2017,1.00726580619812,0.613212049007416,0.868351459503174,0.289680689573288,0.0867231488227844,0.0496933571994305,102,4.80499982833862
Palestinian Territories,Asia,2017,0.716249227523804,0.565666973590851,1.15564715862274,0.25471106171608,0.0892826020717621,0.114173173904419,103,4.77500009536743
Egypt,Africa,2017,0.989701807498932,0.520187258720398,0.997471392154694,0.282110154628754,0.114381365478039,0.128631442785263,104,4.7350001335144
Bulgaria,Europe,2017,1.1614590883255,0.708217680454254,1.43437945842743,0.289231717586517,0.0110515309497714,0.113177694380283,105,4.71400022506714
Sierra Leone,Africa,2017,0.36842092871666,0.0055647538974881,0.984136044979095,0.318697690963745,0.0710951760411263,0.293040901422501,106,4.70900011062622
Cameroon,Africa,2017,0.564305365085602,0.132892116904259,0.946018218994141,0.430388748645782,0.0513066314160824,0.236298456788063,107,4.69500017166138
Iran,Asia,2017,1.15687310695648,0.639333188533783,0.711551249027252,0.249322608113289,0.048761073499918,0.387242913246155,108,4.69199991226196
Albania,Europe,2017,0.996192753314972,0.731159746646881,0.803685247898102,0.381498634815216,0.0398642159998417,0.201312944293022,109,4.64400005340576
Bangladesh,Asia,2017,0.586682975292206,0.533241033554077,0.735131740570068,0.478356659412384,0.123717859387398,0.172255352139473,110,4.60799980163574
Namibia,Africa,2017,0.964434325695038,0.33861181139946,1.0984708070755,0.520303547382355,0.0931469723582268,0.0771337449550629,111,4.57399988174438
Kenya,Africa,2017,0.560479462146759,0.309988349676132,1.06795072555542,0.452763766050339,0.0646413192152977,0.444860309362411,112,4.55299997329712
Mozambique,Africa,2017,0.234305649995804,0.106654435396194,0.870701014995575,0.480791091918945,0.179436385631561,0.322228103876114,113,4.55000019073486
Myanmar,Asia,2017,0.367110550403595,0.397522568702698,1.12323594093323,0.514492034912109,0.188816204667091,0.838075160980225,114,4.54500007629395
Senegal,Africa,2017,0.479309022426605,0.409362852573395,1.17969191074371,0.377922266721725,0.115460447967052,0.183468893170357,115,4.53499984741211
Zambia,Africa,2017,0.636406779289246,0.257835894823074,1.00318729877472,0.461603492498398,0.0782135501503944,0.249580144882202,116,4.51399993896484
Iraq,Asia,2017,1.10271048545837,0.501180469989777,0.978613197803497,0.288555532693863,0.107215754687786,0.19963726401329,117,4.49700021743774
Gabon,Africa,2017,1.1982102394104,0.356578588485718,1.1556202173233,0.312328577041626,0.0760467872023582,0.0437853783369064,118,4.46500015258789
Ethiopia,Africa,2017,0.339233845472336,0.353409707546234,0.86466920375824,0.408842742443085,0.165455713868141,0.312650740146637,119,4.46000003814697
Sri Lanka,Asia,2017,1.00985014438629,0.625130832195282,1.25997638702393,0.561213254928589,0.0736539661884308,0.490863561630249,120,4.44000005722046
Armenia,Asia,2017,0.900596737861633,0.637524425983429,1.00748372077942,0.198303267359734,0.0266744215041399,0.0834880918264389,121,4.37599992752075
India,Asia,2017,0.792221248149872,0.455427616834641,0.754372596740723,0.469987004995346,0.0922268852591515,0.231538489460945,122,4.31500005722046
Mauritania,Africa,2017,0.648457288742065,0.285349279642105,1.2720308303833,0.0960980430245399,0.136957004666328,0.201870024204254,123,4.29199981689453
Congo (Brazzaville),Africa,2017,0.808964252471924,0.28995743393898,0.832044363021851,0.435025870800018,0.0796181336045265,0.120852127671242,124,4.29099988937378
Georgia,Asia,2017,0.950612664222717,0.649546980857849,0.57061493396759,0.309410035610199,0.251666635274887,0.0540088154375553,125,4.28599977493286
Congo (Kinshasa),Africa,2017,0.0921023488044739,0.191407024860382,1.22902345657349,0.235961347818375,0.0602413564920425,0.246455833315849,126,4.28000020980835
Mali,Africa,2017,0.476180493831635,0.169365674257278,1.28147339820862,0.306613743305206,0.104970246553421,0.183354198932648,127,4.19000005722046
Ivory Coast,Africa,2017,0.603048920631409,0.0486421696841717,0.904780030250549,0.447706192731857,0.130061775445938,0.201237469911575,128,4.17999982833862
Cambodia,Asia,2017,0.601765096187592,0.429783403873444,1.00623834133148,0.633375823497772,0.0681059509515762,0.385922968387604,129,4.16800022125244
Sudan,Africa,2017,0.65951669216156,0.290920823812485,1.21400856971741,0.0149958552792668,0.089847519993782,0.182317450642586,130,4.13899993896484
Ghana,Africa,2017,0.667224824428558,0.295637726783752,0.873664736747742,0.423026293516159,0.0253363698720932,0.256923943758011,131,4.11999988555908
Ukraine,Europe,2017,0.89465194940567,0.575903952121735,1.39453756809235,0.122974775731564,0.0230294708162546,0.270061463117599,132,4.09600019454956
Uganda,Africa,2017,0.381430715322495,0.217632606625557,1.12982773780823,0.443185955286026,0.057069718837738,0.325766056776047,133,4.08099985122681
Burkina Faso,Africa,2017,0.3502277135849,0.215844258666039,1.04328000545502,0.324367851018906,0.120328105986118,0.250864684581757,134,4.03200006484985
Niger,Africa,2017,0.161925330758095,0.26850500702858,0.993025004863739,0.36365869641304,0.138572946190834,0.228673845529556,135,4.02799987792969
Malawi,Africa,2017,0.233442038297653,0.315089583396912,0.512568831443787,0.466914653778076,0.0727116540074348,0.287170469760895,136,3.97000002861023
Chad,Africa,2017,0.438012987375259,0.0411347150802612,0.953855872154236,0.16234202682972,0.0535818822681904,0.216113850474358,137,3.93600010871887
Zimbabwe,Africa,2017,0.375846534967422,0.196763753890991,1.08309590816498,0.336384207010269,0.0953753814101219,0.189143493771553,138,3.875
Lesotho,Africa,2017,0.521021246910095,0.0,1.19009518623352,0.390661299228668,0.119094640016556,0.157497271895409,139,3.80800008773804
Angola,Africa,2017,0.858428180217743,0.0498686656355858,1.10441195964813,0.0,0.0697203353047371,0.097926490008831,140,3.79500007629395
Afghanistan,Asia,2017,0.401477217674255,0.180746778845787,0.581543326377869,0.106179520487785,0.0611578300595284,0.311870932579041,141,3.79399991035461
Botswana,Africa,2017,1.12209415435791,0.341755509376526,1.22155499458313,0.505196332931519,0.0985831990838051,0.0993484482169151,142,3.76600003242493
Benin,Africa,2017,0.431085407733917,0.209930211305618,0.435299843549728,0.425962775945663,0.0609290152788162,0.207948461174965,143,3.65700006484985
Madagascar,Africa,2017,0.305808693170547,0.375223308801651,0.913020372390747,0.189196765422821,0.0672319754958153,0.208732530474663,144,3.64400005340576
Haiti,Central America,2017,0.368610262870789,0.277321130037308,0.640449821949005,0.0303698573261499,0.0998721495270729,0.489203780889511,145,3.6029999256134
Yemen,Asia,2017,0.591683447360992,0.310080915689468,0.93538224697113,0.249463722109795,0.0567674227058887,0.104125209152699,146,3.59299993515015
South Sudan,Africa,2017,0.39724862575531,0.163486003875732,0.601323127746582,0.147062435746193,0.116793513298035,0.285670816898346,147,3.59100008010864
Liberia,Africa,2017,0.119041793048382,0.229918196797371,0.872117936611176,0.332881182432175,0.0389482490718365,0.26654988527298,148,3.53299999237061
Guinea,Africa,2017,0.244549930095673,0.194129139184952,0.791244685649872,0.348587512969971,0.110937617719173,0.264815092086792,149,3.50699996948242
Togo,Africa,2017,0.305444717407227,0.247105568647385,0.431882530450821,0.38042613863945,0.0956650152802467,0.196896150708199,150,3.49499988555908
Rwanda,Africa,2017,0.368745893239975,0.326424807310104,0.945707023143768,0.581843852996826,0.455220013856888,0.252756029367447,151,3.47099995613098
Syria,Asia,2017,0.777153134346008,0.50053334236145,0.396102607250214,0.0815394446253777,0.151347130537033,0.493663728237152,152,3.46199989318848
Tanzania,Africa,2017,0.511135876178741,0.364509284496307,1.04198980331421,0.390017777681351,0.0660351067781448,0.354256361722946,153,3.34899997711182
Burundi,Africa,2017,0.091622568666935,0.151610791683197,0.629793584346771,0.0599007532000542,0.0841479450464249,0.204435184597969,154,2.90499997138977
Central African Republic,Africa,2017,0.0,0.0187726859003305,0.0,0.270842045545578,0.0565650761127472,0.280876487493515,155,2.69300007820129
Finland,Europe,2018,1.305,0.874,1.592,0.681,0.393,0.202,1,7.632
Norway,Europe,2018,1.456,0.861,1.582,0.686,0.34,0.286,2,7.594
Denmark,Europe,2018,1.351,0.868,1.59,0.683,0.408,0.284,3,7.555
Iceland,Europe,2018,1.343,0.914,1.644,0.677,0.138,0.353,4,7.495
Switzerland,Europe,2018,1.42,0.927,1.549,0.66,0.357,0.256,5,7.487
Netherlands,Europe,2018,1.361,0.878,1.488,0.638,0.295,0.333,6,7.441
Canada,North America,2018,1.33,0.896,1.532,0.653,0.291,0.321,7,7.328
New Zealand,Oceania,2018,1.268,0.876,1.601,0.669,0.389,0.365,8,7.324
Sweden,Europe,2018,1.355,0.913,1.501,0.659,0.383,0.285,9,7.314
Australia,Oceania,2018,1.34,0.91,1.573,0.647,0.302,0.361,10,7.272
United Kingdom,Europe,2018,1.244,0.888,1.433,0.464,0.082,0.262,11,7.19
Austria,Europe,2018,1.341,0.891,1.504,0.617,0.224,0.242,12,7.139
Costa Rica,Central America,2018,1.01,0.817,1.459,0.632,0.101,0.143,13,7.072
Ireland,Europe,2018,1.448,0.876,1.583,0.614,0.306,0.307,14,6.977
Germany,Europe,2018,1.34,0.861,1.474,0.586,0.28,0.273,15,6.965
Belgium,Europe,2018,1.324,0.894,1.483,0.583,0.24,0.188,16,6.927
Luxembourg,Europe,2018,1.576,0.896,1.52,0.632,0.321,0.196,17,6.91
United States,North America,2018,1.398,0.819,1.471,0.547,0.133,0.291,18,6.886
Israel,Asia,2018,1.301,0.883,1.559,0.533,0.272,0.354,19,6.814
United Arab Emirates,Asia,2018,2.096,0.67,0.776,0.284,0.12543561357358718,0.186,20,6.774
Czech Republic,Europe,2018,1.233,0.854,1.489,0.543,0.034,0.064,21,6.711
Malta,Europe,2018,1.27,0.884,1.525,0.645,0.142,0.376,22,6.627
France,Europe,2018,1.293,0.908,1.466,0.52,0.176,0.098,23,6.489
Mexico,North America,2018,1.038,0.761,1.252,0.479,0.095,0.069,24,6.488
Chile,South America,2018,1.131,0.808,1.331,0.431,0.061,0.197,25,6.476
Taiwan,Asia,2018,1.365,0.857,1.436,0.418,0.078,0.151,26,6.441
Panama,Central America,2018,1.112,0.759,1.438,0.597,0.063,0.125,27,6.43
Brazil,South America,2018,0.986,0.675,1.474,0.493,0.088,0.11,28,6.419
Argentina,South America,2018,1.073,0.744,1.468,0.57,0.054,0.062,29,6.388
Guatemala,Central America,2018,0.781,0.608,1.268,0.604,0.071,0.179,30,6.382
Uruguay,South America,2018,1.093,0.771,1.459,0.625,0.155,0.13,31,6.379
Qatar,Asia,2018,1.649,0.748,1.303,0.654,0.171,0.256,32,6.374
Saudi Arabia,Asia,2018,1.379,0.633,1.331,0.509,0.127,0.098,33,6.371
Singapore,Asia,2018,1.529,1.008,1.451,0.631,0.457,0.261,34,6.343
Malaysia,Asia,2018,1.161,0.669,1.258,0.356,0.059,0.311,35,6.322
Spain,Europe,2018,1.251,0.965,1.538,0.449,0.074,0.142,36,6.31
Colombia,South America,2018,0.96,0.635,1.439,0.531,0.039,0.099,37,6.26
Trinidad & Tobago,South America,2018,1.223,0.564,1.492,0.575,0.019,0.171,38,6.192
Slovakia,Europe,2018,1.21,0.776,1.537,0.354,0.014,0.118,39,6.173
El Salvador,Central America,2018,0.806,0.639,1.231,0.461,0.082,0.065,40,6.167
Nicaragua,Central America,2018,0.668,0.7,1.319,0.527,0.128,0.208,41,6.141
Poland,Europe,2018,1.176,0.781,1.448,0.546,0.064,0.108,42,6.123
Bahrain,Asia,2018,1.338,0.698,1.366,0.594,0.123,0.243,43,6.105
Uzbekistan,Asia,2018,0.719,0.605,1.584,0.724,0.259,0.328,44,6.096
Kuwait,Asia,2018,1.474,0.675,1.301,0.554,0.106,0.167,45,6.083
Thailand,Asia,2018,1.016,0.707,1.417,0.637,0.029,0.364,46,6.072
Italy,Europe,2018,1.264,0.946,1.501,0.281,0.028,0.137,47,6.0
Ecuador,South America,2018,0.889,0.736,1.33,0.556,0.12,0.114,48,5.973
Belize,Central America,2018,0.807,0.474,1.101,0.593,0.089,0.183,49,5.956
Lithuania,Europe,2018,1.197,0.716,1.527,0.35,0.006,0.026,50,5.952
Slovenia,Europe,2018,1.219,0.856,1.506,0.633,0.051,0.16,51,5.948
Romania,Europe,2018,1.116,0.726,1.219,0.528,0.001,0.088,52,5.945
Latvia,Europe,2018,1.148,0.671,1.454,0.363,0.066,0.092,53,5.933
Japan,Asia,2018,1.294,0.988,1.462,0.553,0.15,0.079,54,5.915
Mauritius,Africa,2018,1.09,0.684,1.387,0.584,0.05,0.245,55,5.891
Jamaica,Central America,2018,0.819,0.693,1.493,0.575,0.031,0.096,56,5.89
South Korea,Asia,2018,1.266,0.955,1.204,0.244,0.051,0.175,57,5.875
Northern Cyprus,Asia,2018,1.229,0.909,1.211,0.495,0.154,0.179,58,5.835
Russia,Europe,2018,1.151,0.599,1.479,0.399,0.025,0.065,59,5.81
Kazakhstan,Asia,2018,1.143,0.631,1.516,0.454,0.121,0.148,60,5.79
Cyprus,Asia,2018,1.229,0.909,1.191,0.423,0.035,0.202,61,5.762
Bolivia,South America,2018,0.751,0.508,1.223,0.606,0.054,0.141,62,5.752
Estonia,Europe,2018,1.2,0.737,1.532,0.553,0.174,0.086,63,5.739
Paraguay,South America,2018,0.835,0.615,1.522,0.541,0.074,0.162,64,5.681
Peru,South America,2018,0.934,0.674,1.249,0.53,0.034,0.092,65,5.663
Kosovo,Europe,2018,0.855,0.578,1.23,0.448,0.023,0.274,66,5.662
Moldova,Europe,2018,0.657,0.62,1.301,0.232,0.0,0.171,67,5.64
Turkmenistan,Asia,2018,1.016,0.517,1.533,0.417,0.037,0.199,68,5.636
Hungary,Europe,2018,1.171,0.732,1.401,0.259,0.022,0.061,69,5.62
Libya,Africa,2018,0.985,0.553,1.35,0.496,0.148,0.116,70,5.566
Philippines,Asia,2018,0.775,0.513,1.312,0.643,0.105,0.12,71,5.524
Honduras,Central America,2018,0.62,0.622,1.205,0.459,0.074,0.197,72,5.504
Belarus,Europe,2018,1.039,0.7,1.498,0.307,0.154,0.101,73,5.483
Turkey,Asia,2018,1.148,0.686,1.38,0.324,0.109,0.106,74,5.483
Pakistan,Asia,2018,0.652,0.424,0.81,0.334,0.113,0.216,75,5.472
Hong Kong,Asia,2018,1.405,1.03,1.29,0.524,0.291,0.246,76,5.43
Portugal,Europe,2018,1.188,0.884,1.429,0.562,0.017,0.055,77,5.41
Serbia,Europe,2018,0.975,0.685,1.369,0.288,0.043,0.134,78,5.398
Greece,Europe,2018,1.154,0.879,1.202,0.131,0.044,0.0,79,5.358
Lebanon,Asia,2018,0.965,0.785,1.179,0.503,0.136,0.214,80,5.358
Montenegro,Europe,2018,1.017,0.729,1.279,0.259,0.081,0.111,81,5.347
Croatia,Europe,2018,1.115,0.737,1.161,0.38,0.039,0.12,82,5.321
Dominican Republic,Central America,2018,0.982,0.614,1.441,0.578,0.106,0.12,83,5.302
Algeria,Africa,2018,0.979,0.687,1.154,0.077,0.135,0.055,84,5.295
Morocco,Africa,2018,0.779,0.669,0.797,0.46,0.074,0.026,85,5.254
China,Asia,2018,0.989,0.799,1.142,0.597,0.103,0.029,86,5.246
Azerbaijan,Asia,2018,1.024,0.603,1.161,0.43,0.176,0.031,87,5.201
Tajikistan,Asia,2018,0.474,0.598,1.166,0.292,0.034,0.187,88,5.199
Macedonia,Europe,2018,0.959,0.691,1.239,0.394,0.052,0.173,89,5.185
Jordan,Asia,2018,0.822,0.645,1.265,0.468,0.134,0.13,90,5.161
Nigeria,Africa,2018,0.689,0.048,1.172,0.462,0.032,0.201,91,5.155
Kyrgyzstan,Asia,2018,0.53,0.594,1.416,0.54,0.035,0.281,92,5.131
Bosnia and Herzegovina,Europe,2018,0.915,0.758,1.078,0.28,0.0,0.216,93,5.129
Mongolia,Asia,2018,0.914,0.575,1.517,0.395,0.032,0.253,94,5.125
Vietnam,Asia,2018,0.715,0.702,1.365,0.618,0.079,0.177,95,5.103
Indonesia,Asia,2018,0.899,0.522,1.215,0.538,0.018,0.484,96,5.093
Bhutan,Asia,2018,0.796,0.527,1.335,0.541,0.171,0.364,97,5.082
Somalia,Africa,2018,0.0,0.115,0.712,0.674,0.282,0.238,98,4.982
Cameroon,Africa,2018,0.535,0.182,0.891,0.454,0.043,0.183,99,4.975
Bulgaria,Europe,2018,1.054,0.712,1.515,0.359,0.009,0.064,100,4.933
Nepal,Asia,2018,0.425,0.539,1.228,0.526,0.078,0.302,101,4.88
Venezuela,South America,2018,0.996,0.657,1.469,0.133,0.052,0.056,102,4.806
Gabon,Africa,2018,1.036,0.404,1.164,0.356,0.052,0.032,103,4.758
Palestinian Territories,Asia,2018,0.642,0.602,1.217,0.266,0.076,0.086,104,4.743
South Africa,Africa,2018,0.94,0.33,1.41,0.516,0.056,0.103,105,4.724
Iran,Asia,2018,1.059,0.691,0.771,0.459,0.129,0.282,106,4.707
Ivory Coast,Africa,2018,0.541,0.08,0.872,0.467,0.103,0.146,107,4.671
Ghana,Africa,2018,0.592,0.337,0.896,0.499,0.029,0.212,108,4.657
Senegal,Africa,2018,0.429,0.433,1.117,0.406,0.082,0.138,109,4.631
Laos,Asia,2018,0.72,0.441,1.034,0.626,0.174,0.23,110,4.623
Tunisia,Africa,2018,0.9,0.69,0.906,0.271,0.063,0.04,111,4.592
Albania,Europe,2018,0.916,0.79,0.817,0.419,0.032,0.149,112,4.586
Sierra Leone,Africa,2018,0.256,0.0,0.813,0.355,0.053,0.238,113,4.571
Congo (Brazzaville),Africa,2018,0.682,0.343,0.811,0.514,0.077,0.091,114,4.559
Bangladesh,Asia,2018,0.532,0.579,0.85,0.58,0.144,0.153,115,4.5
Sri Lanka,Asia,2018,0.918,0.672,1.314,0.585,0.05,0.307,116,4.471
Iraq,Asia,2018,1.01,0.536,0.971,0.304,0.095,0.148,117,4.456
Mali,Africa,2018,0.37,0.152,1.233,0.367,0.056,0.139,118,4.447
Namibia,Africa,2018,0.874,0.365,1.281,0.519,0.064,0.051,119,4.441
Cambodia,Asia,2018,0.549,0.457,1.088,0.696,0.065,0.256,120,4.433
Burkina Faso,Africa,2018,0.314,0.254,1.097,0.312,0.128,0.175,121,4.424
Egypt,Africa,2018,0.885,0.553,1.025,0.312,0.107,0.092,122,4.419
Mozambique,Africa,2018,0.198,0.173,0.902,0.531,0.158,0.206,123,4.417
Kenya,Africa,2018,0.493,0.454,1.048,0.504,0.055,0.352,124,4.41
Zambia,Africa,2018,0.562,0.295,1.047,0.503,0.082,0.221,125,4.377
Mauritania,Africa,2018,0.557,0.292,1.245,0.129,0.093,0.134,126,4.356
Ethiopia,Africa,2018,0.308,0.391,0.95,0.452,0.146,0.22,127,4.35
Georgia,Asia,2018,0.853,0.643,0.592,0.375,0.215,0.038,128,4.34
Armenia,Asia,2018,0.816,0.666,0.99,0.26,0.028,0.077,129,4.321
Myanmar,Asia,2018,0.682,0.429,1.174,0.58,0.178,0.598,130,4.308
Chad,Africa,2018,0.358,0.053,0.907,0.189,0.06,0.181,131,4.301
Congo (Kinshasa),Africa,2018,0.069,0.204,1.136,0.312,0.052,0.197,132,4.245
India,Asia,2018,0.721,0.485,0.747,0.539,0.093,0.172,133,4.19
Niger,Africa,2018,0.131,0.221,0.867,0.39,0.099,0.175,134,4.166
Uganda,Africa,2018,0.322,0.237,1.09,0.45,0.061,0.259,135,4.161
Benin,Africa,2018,0.378,0.24,0.372,0.44,0.067,0.163,136,4.141
Sudan,Africa,2018,0.605,0.312,1.24,0.016,0.082,0.134,137,4.139
Ukraine,Europe,2018,0.793,0.609,1.413,0.163,0.011,0.187,138,4.103
Togo,Africa,2018,0.259,0.253,0.474,0.434,0.101,0.158,139,3.999
Guinea,Africa,2018,0.344,0.211,0.792,0.394,0.094,0.185,140,3.964
Lesotho,Africa,2018,0.472,0.079,1.215,0.423,0.112,0.116,141,3.808
Angola,Africa,2018,0.73,0.269,1.125,0.0,0.061,0.079,142,3.795
Madagascar,Africa,2018,0.262,0.402,0.908,0.221,0.049,0.155,143,3.774
Zimbabwe,Africa,2018,0.357,0.248,1.094,0.406,0.099,0.132,144,3.692
Afghanistan,Asia,2018,0.332,0.255,0.537,0.085,0.036,0.191,145,3.632
Botswana,Africa,2018,1.017,0.417,1.174,0.557,0.092,0.042,146,3.59
Malawi,Africa,2018,0.186,0.306,0.541,0.531,0.08,0.21,147,3.587
Haiti,Central America,2018,0.315,0.289,0.714,0.025,0.104,0.392,148,3.582
Liberia,Africa,2018,0.076,0.267,0.858,0.419,0.03,0.206,149,3.495
Syria,Asia,2018,0.689,0.539,0.382,0.088,0.144,0.376,150,3.462
Rwanda,Africa,2018,0.332,0.4,0.896,0.636,0.444,0.2,151,3.408
Yemen,Asia,2018,0.442,0.343,1.073,0.244,0.064,0.083,152,3.355
Tanzania,Africa,2018,0.455,0.381,0.991,0.481,0.097,0.27,153,3.303
South Sudan,Africa,2018,0.337,0.177,0.608,0.112,0.106,0.224,154,3.254
Central African Republic,Africa,2018,0.024,0.01,0.0,0.305,0.038,0.218,155,3.083
Burundi,Africa,2018,0.091,0.145,0.627,0.065,0.076,0.149,156,2.905
Finland,Europe,2019,1.34,0.986,1.587,0.596,0.393,0.153,1,7.769
Denmark,Europe,2019,1.383,0.996,1.573,0.592,0.41,0.252,2,7.6
Norway,Europe,2019,1.488,1.028,1.582,0.603,0.341,0.271,3,7.554
Iceland,Europe,2019,1.38,1.026,1.624,0.591,0.118,0.354,4,7.494
Netherlands,Europe,2019,1.396,0.999,1.522,0.557,0.298,0.322,5,7.488
Switzerland,Europe,2019,1.452,1.052,1.526,0.572,0.343,0.263,6,7.48
Sweden,Europe,2019,1.387,1.009,1.487,0.574,0.373,0.267,7,7.343
New Zealand,Oceania,2019,1.303,1.026,1.557,0.585,0.38,0.33,8,7.307
Canada,North America,2019,1.365,1.039,1.505,0.584,0.308,0.285,9,7.278
Austria,Europe,2019,1.376,1.016,1.475,0.532,0.226,0.244,10,7.246
Australia,Oceania,2019,1.372,1.036,1.548,0.557,0.29,0.332,11,7.228
Costa Rica,Central America,2019,1.034,0.963,1.441,0.558,0.093,0.144,12,7.167
Israel,Asia,2019,1.276,1.029,1.455,0.371,0.082,0.261,13,7.139
Luxembourg,Europe,2019,1.609,1.012,1.479,0.526,0.316,0.194,14,7.09
United Kingdom,Europe,2019,1.333,0.996,1.538,0.45,0.278,0.348,15,7.054
Ireland,Europe,2019,1.499,0.999,1.553,0.516,0.31,0.298,16,7.021
Germany,Europe,2019,1.373,0.987,1.454,0.495,0.265,0.261,17,6.985
Belgium,Europe,2019,1.356,0.986,1.504,0.473,0.21,0.16,18,6.923
United States,North America,2019,1.433,0.874,1.457,0.454,0.128,0.28,19,6.892
Czech Republic,Europe,2019,1.269,0.92,1.487,0.457,0.036,0.046,20,6.852
United Arab Emirates,Asia,2019,1.503,0.825,1.31,0.598,0.182,0.262,21,6.825
Malta,Europe,2019,1.3,0.999,1.52,0.564,0.151,0.375,22,6.726
Mexico,North America,2019,1.07,0.861,1.323,0.433,0.073,0.074,23,6.595
France,Europe,2019,1.324,1.045,1.472,0.436,0.183,0.111,24,6.592
Taiwan,Asia,2019,1.368,0.914,1.43,0.351,0.097,0.242,25,6.446
Chile,South America,2019,1.159,0.92,1.369,0.357,0.056,0.187,26,6.444
Guatemala,Central America,2019,0.8,0.746,1.269,0.535,0.078,0.175,27,6.436
Saudi Arabia,Asia,2019,1.403,0.795,1.357,0.439,0.132,0.08,28,6.375
Qatar,Asia,2019,1.684,0.871,1.313,0.555,0.167,0.22,29,6.374
Spain,Europe,2019,1.286,1.062,1.484,0.362,0.079,0.153,30,6.354
Panama,Central America,2019,1.149,0.91,1.442,0.516,0.054,0.109,31,6.321
Brazil,South America,2019,1.004,0.802,1.439,0.39,0.086,0.099,32,6.3
Uruguay,South America,2019,1.124,0.891,1.465,0.523,0.15,0.127,33,6.293
Singapore,Asia,2019,1.572,1.141,1.463,0.556,0.453,0.271,34,6.262
El Salvador,Central America,2019,0.794,0.789,1.242,0.43,0.074,0.093,35,6.253
Italy,Europe,2019,1.294,1.039,1.488,0.231,0.03,0.158,36,6.223
Bahrain,Asia,2019,1.362,0.871,1.368,0.536,0.11,0.255,37,6.199
Slovakia,Europe,2019,1.246,0.881,1.504,0.334,0.014,0.121,38,6.198
Trinidad & Tobago,South America,2019,1.231,0.713,1.477,0.489,0.016,0.185,39,6.192
Poland,Europe,2019,1.206,0.884,1.438,0.483,0.05,0.117,40,6.182
Uzbekistan,Asia,2019,0.745,0.756,1.529,0.631,0.24,0.322,41,6.174
Lithuania,Europe,2019,1.238,0.818,1.515,0.291,0.042,0.043,42,6.149
Colombia,South America,2019,0.985,0.841,1.41,0.47,0.034,0.099,43,6.125
Slovenia,Europe,2019,1.258,0.953,1.523,0.564,0.057,0.144,44,6.118
Nicaragua,Central America,2019,0.694,0.835,1.325,0.435,0.127,0.2,45,6.105
Kosovo,Europe,2019,0.882,0.758,1.232,0.489,0.006,0.262,46,6.1
Argentina,South America,2019,1.092,0.881,1.432,0.471,0.05,0.066,47,6.086
Romania,Europe,2019,1.162,0.825,1.232,0.462,0.005,0.083,48,6.07
Cyprus,Asia,2019,1.263,1.042,1.223,0.406,0.041,0.19,49,6.046
Ecuador,South America,2019,0.912,0.868,1.312,0.498,0.087,0.126,50,6.028
Kuwait,Asia,2019,1.5,0.808,1.319,0.493,0.097,0.142,51,6.021
Thailand,Asia,2019,1.05,0.828,1.409,0.557,0.028,0.359,52,6.008
Latvia,Europe,2019,1.187,0.812,1.465,0.264,0.064,0.075,53,5.94
South Korea,Asia,2019,1.301,1.036,1.219,0.159,0.056,0.175,54,5.895
Estonia,Europe,2019,1.237,0.874,1.528,0.495,0.161,0.103,55,5.893
Jamaica,Central America,2019,0.831,0.831,1.478,0.49,0.028,0.107,56,5.89
Mauritius,Africa,2019,1.12,0.798,1.402,0.498,0.06,0.215,57,5.888
Japan,Asia,2019,1.327,1.088,1.419,0.445,0.14,0.069,58,5.886
Honduras,Central America,2019,0.642,0.828,1.236,0.507,0.078,0.246,59,5.86
Kazakhstan,Asia,2019,1.173,0.729,1.508,0.41,0.096,0.146,60,5.809
Bolivia,South America,2019,0.776,0.706,1.209,0.511,0.064,0.137,61,5.779
Hungary,Europe,2019,1.201,0.828,1.41,0.199,0.02,0.081,62,5.758
Paraguay,South America,2019,0.855,0.777,1.475,0.514,0.08,0.184,63,5.743
Northern Cyprus,Asia,2019,1.263,1.042,1.252,0.417,0.162,0.191,64,5.718
Peru,South America,2019,0.96,0.854,1.274,0.455,0.027,0.083,65,5.697
Portugal,Europe,2019,1.221,0.999,1.431,0.508,0.025,0.047,66,5.693
Pakistan,Asia,2019,0.677,0.535,0.886,0.313,0.098,0.22,67,5.653
Russia,Europe,2019,1.183,0.726,1.452,0.334,0.031,0.082,68,5.648
Philippines,Asia,2019,0.807,0.657,1.293,0.558,0.107,0.117,69,5.631
Serbia,Europe,2019,1.004,0.854,1.383,0.282,0.039,0.137,70,5.603
Moldova,Europe,2019,0.685,0.739,1.328,0.245,0.0,0.181,71,5.529
Libya,Africa,2019,1.044,0.673,1.303,0.416,0.152,0.133,72,5.525
Montenegro,Europe,2019,1.051,0.871,1.361,0.197,0.08,0.142,73,5.523
Tajikistan,Asia,2019,0.493,0.718,1.098,0.389,0.144,0.23,74,5.467
Croatia,Europe,2019,1.155,0.914,1.266,0.296,0.022,0.119,75,5.432
Hong Kong,Asia,2019,1.438,1.122,1.277,0.44,0.287,0.258,76,5.43
Dominican Republic,Central America,2019,1.015,0.779,1.401,0.497,0.101,0.113,77,5.425
Bosnia and Herzegovina,Europe,2019,0.945,0.845,1.212,0.212,0.006,0.263,78,5.386
Turkey,Asia,2019,1.183,0.808,1.36,0.195,0.106,0.083,79,5.373
Malaysia,Asia,2019,1.221,0.828,1.171,0.508,0.024,0.26,80,5.339
Belarus,Europe,2019,1.067,0.789,1.465,0.235,0.142,0.094,81,5.323
Greece,Europe,2019,1.181,0.999,1.156,0.067,0.034,0.0,82,5.287
Mongolia,Asia,2019,0.948,0.667,1.531,0.317,0.038,0.235,83,5.285
North Macedonia,Europe,2019,0.983,0.838,1.294,0.345,0.034,0.185,84,5.274
Nigeria,Africa,2019,0.696,0.245,1.111,0.426,0.041,0.215,85,5.265
Kyrgyzstan,Asia,2019,0.551,0.723,1.438,0.508,0.023,0.3,86,5.261
Turkmenistan,Asia,2019,1.052,0.657,1.538,0.394,0.028,0.244,87,5.247
Algeria,Africa,2019,1.002,0.785,1.16,0.086,0.114,0.073,88,5.211
Morocco,Africa,2019,0.801,0.782,0.782,0.418,0.076,0.036,89,5.208
Azerbaijan,Asia,2019,1.043,0.769,1.147,0.351,0.182,0.035,90,5.208
Lebanon,Asia,2019,0.987,0.815,1.224,0.216,0.027,0.166,91,5.197
Indonesia,Asia,2019,0.931,0.66,1.203,0.491,0.028,0.498,92,5.192
China,Asia,2019,1.029,0.893,1.125,0.521,0.1,0.058,93,5.191
Vietnam,Asia,2019,0.741,0.851,1.346,0.543,0.073,0.147,94,5.175
Bhutan,Asia,2019,0.813,0.604,1.321,0.457,0.167,0.37,95,5.082
Cameroon,Africa,2019,0.549,0.331,0.91,0.381,0.037,0.187,96,5.044
Bulgaria,Europe,2019,1.092,0.815,1.513,0.311,0.004,0.081,97,5.011
Ghana,Africa,2019,0.611,0.486,0.868,0.381,0.04,0.245,98,4.996
Ivory Coast,Africa,2019,0.569,0.232,0.808,0.352,0.09,0.154,99,4.944
Nepal,Asia,2019,0.446,0.677,1.226,0.439,0.089,0.285,100,4.913
Jordan,Asia,2019,0.837,0.815,1.225,0.383,0.13,0.11,101,4.906
Benin,Africa,2019,0.393,0.397,0.437,0.349,0.082,0.175,102,4.883
Congo (Brazzaville),Africa,2019,0.673,0.508,0.799,0.372,0.093,0.105,103,4.812
Gabon,Africa,2019,1.057,0.571,1.183,0.295,0.055,0.043,104,4.799
Laos,Asia,2019,0.764,0.551,1.03,0.547,0.164,0.266,105,4.796
South Africa,Africa,2019,0.96,0.469,1.351,0.389,0.055,0.13,106,4.722
Albania,Europe,2019,0.947,0.874,0.848,0.383,0.027,0.178,107,4.719
Venezuela,South America,2019,0.96,0.805,1.427,0.154,0.047,0.064,108,4.707
Cambodia,Asia,2019,0.574,0.637,1.122,0.609,0.062,0.232,109,4.7
Palestinian Territories,Asia,2019,0.657,0.672,1.247,0.225,0.066,0.103,110,4.696
Senegal,Africa,2019,0.45,0.571,1.134,0.292,0.072,0.153,111,4.681
Somalia,Africa,2019,0.0,0.268,0.698,0.559,0.27,0.243,112,4.668
Namibia,Africa,2019,0.879,0.477,1.313,0.401,0.056,0.07,113,4.639
Niger,Africa,2019,0.138,0.366,0.774,0.318,0.102,0.188,114,4.628
Burkina Faso,Africa,2019,0.331,0.38,1.056,0.255,0.113,0.177,115,4.587
Armenia,Asia,2019,0.85,0.815,1.055,0.283,0.064,0.095,116,4.559
Iran,Asia,2019,1.1,0.785,0.842,0.305,0.125,0.27,117,4.548
Guinea,Africa,2019,0.38,0.375,0.829,0.332,0.086,0.207,118,4.534
Georgia,Asia,2019,0.886,0.752,0.666,0.346,0.164,0.043,119,4.519
Gambia,Africa,2019,0.308,0.428,0.939,0.382,0.167,0.269,120,4.516
Kenya,Africa,2019,0.512,0.581,0.983,0.431,0.053,0.372,121,4.509
Mauritania,Africa,2019,0.57,0.489,1.167,0.066,0.088,0.106,122,4.49
Mozambique,Africa,2019,0.204,0.39,0.986,0.494,0.138,0.197,123,4.466
Tunisia,Africa,2019,0.921,0.815,1.0,0.167,0.055,0.059,124,4.461
Bangladesh,Asia,2019,0.562,0.723,0.928,0.527,0.143,0.166,125,4.456
Iraq,Asia,2019,1.043,0.574,0.98,0.241,0.089,0.148,126,4.437
Congo (Kinshasa),Africa,2019,0.094,0.357,1.125,0.269,0.053,0.212,127,4.418
Mali,Africa,2019,0.385,0.308,1.105,0.327,0.052,0.153,128,4.39
Sierra Leone,Africa,2019,0.268,0.242,0.841,0.309,0.045,0.252,129,4.374
Sri Lanka,Asia,2019,0.949,0.831,1.265,0.47,0.047,0.244,130,4.366
Myanmar,Asia,2019,0.71,0.555,1.181,0.525,0.172,0.566,131,4.36
Chad,Africa,2019,0.35,0.192,0.766,0.174,0.078,0.198,132,4.35
Ukraine,Europe,2019,0.82,0.739,1.39,0.178,0.01,0.187,133,4.332
Ethiopia,Africa,2019,0.336,0.532,1.033,0.344,0.1,0.209,134,4.286
Swaziland,Africa,2019,0.811,0.0,1.149,0.313,0.135,0.074,135,4.212
Uganda,Africa,2019,0.332,0.443,1.069,0.356,0.06,0.252,136,4.189
Egypt,Africa,2019,0.913,0.644,1.039,0.241,0.067,0.076,137,4.166
Zambia,Africa,2019,0.578,0.426,1.058,0.431,0.087,0.247,138,4.107
Togo,Africa,2019,0.275,0.41,0.572,0.293,0.085,0.177,139,4.085
India,Asia,2019,0.755,0.588,0.765,0.498,0.085,0.2,140,4.015
Liberia,Africa,2019,0.073,0.443,0.922,0.37,0.033,0.233,141,3.975
Comoros,Africa,2019,0.274,0.505,0.757,0.142,0.078,0.275,142,3.973
Madagascar,Africa,2019,0.274,0.555,0.916,0.148,0.041,0.169,143,3.933
Lesotho,Africa,2019,0.489,0.168,1.169,0.359,0.093,0.107,144,3.802
Burundi,Africa,2019,0.046,0.38,0.447,0.22,0.18,0.176,145,3.775
Zimbabwe,Africa,2019,0.366,0.433,1.114,0.361,0.089,0.151,146,3.663
Haiti,Central America,2019,0.323,0.449,0.688,0.026,0.11,0.419,147,3.597
Botswana,Africa,2019,1.041,0.538,1.145,0.455,0.1,0.025,148,3.488
Syria,Asia,2019,0.619,0.44,0.378,0.013,0.141,0.331,149,3.462
Malawi,Africa,2019,0.191,0.495,0.56,0.443,0.089,0.218,150,3.41
Yemen,Asia,2019,0.287,0.463,1.163,0.143,0.077,0.108,151,3.38
Rwanda,Africa,2019,0.359,0.614,0.711,0.555,0.411,0.217,152,3.334
Tanzania,Africa,2019,0.476,0.499,0.885,0.417,0.147,0.276,153,3.231
Afghanistan,Asia,2019,0.35,0.361,0.517,0.0,0.025,0.158,154,3.203
Central African Republic,Africa,2019,0.026,0.105,0.0,0.225,0.035,0.235,155,3.083
South Sudan,Africa,2019,0.306,0.295,0.575,0.01,0.091,0.202,156,2.853
